id_code,target
mckbezdplrukagl,low
agxwrnbmzbyxsjg,low
iqjojyewdyfshtj,low
hssqexnzirioaag,high
lublknpfraiznhr,high
hgqkwjbpavdwmob,low
tcoajkwstpxkrdx,medium
muqhmlfqyzozvkn,medium
zdwfnxlivjlitzd,medium
wznosynddwsawbv,low
cjteeqnbldqifcv,medium
sbitzhltmzsfmnc,low
gpzqudqxelwonjm,medium
twaamrqhamxocln,high
uvlqkkzmqmtygvl,low
tlkijwjytjsvaop,high
rxmgkuuhymtjvsx,low
eoioeqccpipwrwf,medium
gppswcwaqfskbyx,low
jqklxokryrfzcto,low
oqjolpbtjflebiv,medium
grgnbhjsrvybrod,high
amcyhlkugxhlynw,high
xyrbqoctrsvitsq,low
dhncsasztaqumjo,low
ndgevdenxtvjddy,low
xczzhssfhjzgdvr,medium
qteqnthlovzozzd,low
ebkdwbkkhvfkrul,high
cgmgkylhqvmoeik,low
fnjoyaychhlludk,low
fuxrxqokuaxipgb,low
pnuiztgtedvkwgk,low
awthupldosgnqvs,low
ridutjetlqxqygv,low
kcddjsvcditypdt,low
padrbaijnrntevz,low
hfytnqioadgyphl,high
omctulqshheyqqb,medium
vhuzpnfuhqxyzfi,low
ptksdyiofocsxfa,high
jygpyesuwzkbjrv,medium
ejinsrsqljtxmiu,high
bsdfpfeuqnakgld,high
uwrskukayudqpsh,low
nujemfbwfnywvfi,medium
jrdxdcjjtguxmlk,high
vkwonlkbdoxumsi,low
dgvgtaoezodjvty,high
pgydngnxswmgcyl,low
txnqqyazraxpwxp,high
usobmwodydpznht,medium
kfrtrflzgxdmisg,low
bhhpnhuvhirkhin,low
sbkfbrhywsrexxn,low
jlkgnalxxktfadt,low
hpahonwjzridjzu,high
peihmwxanmqwibu,low
fjvjsmblfvwggnv,low
jnzcwdlhlycnibp,low
vxlfpzkcmsynedu,medium
arncncbwubdzgvi,medium
racbmijgseruiws,low
oiwijjaighczzby,medium
gknmgotlvggpfmg,low
acfvyurradkimjb,high
zmqdndofchvykcu,medium
sckmmxxqyvmgfel,high
tfixxolakxusjfr,low
vjhtsrvjhtaxavx,high
jpkzbklvbrrmlwv,high
bftvfdpyiyyptps,low
qwpzlmcbvwmuppm,medium
nbqboxzpknxozan,low
poyjbihtgiepbca,medium
xxuwvhycxjufflw,medium
bpclcyvovroqcqe,medium
sgbxhgluzacmhat,low
xtjevxsjqesjrvo,low
tfbzwynhsboixir,medium
nwliangflklmolh,medium
tfahamhpqpgjiev,low
jisxehrbbyhmkhd,high
tfyihwuurreetve,low
pjahrvlrncuvgvt,high
vfbiuvknqngyhcl,high
hwnerqgdiunriol,low
lsastgebfwrtpwa,low
vykbawuguqkewby,high
mywpqoeqacfntbp,high
fkzbpeleaywexbz,low
luyudrxajwpijih,low
ymycwsgtgfylzhv,medium
edwelekoatoywkn,high
wdwrqjlwnlorzsc,low
ytwaaqkdqkzeqbn,low
yucmnlnzscyjwpb,high
zoapartmaamitxg,medium
bmaidbzqvfrfzzn,high
gczgkfmaqdlyojl,high
gkvgzmksaglxtml,high
akztxbzmbwwrypp,high
pkqglukkewbhzls,high
eyaummgusaraofm,high
zecilyttqkzcjif,medium
kstlqtdyccvgdmx,medium
cfghlnghfqvkauo,low
dyoolszkyarurzq,medium
umgxfetncdywjsq,low
kwuayyjtyiwhqvy,low
endzpzrlcnzjqpw,low
wjqjcmegdcglvjc,medium
glnyowjhljdiduj,high
owhbktsucbcqszk,medium
ifmtkpsikrewsaq,medium
vacnhqvejlkcile,low
bhjkiuaeqftpfam,low
ztexfwebjodukka,low
katbkzzmytxkyfi,low
zbpydkhpuzmntmn,low
gtgpdgsduyyjhdh,low
tecdkyxyufvfdao,high
gwmnkpdtgfsjmoq,low
vcvfuiikkqjetoh,low
xhiizwjdqtnikmd,low
gtrkqyecjrjzito,low
pbevfiwhbnsdykx,low
sbztljkygpfhran,low
xjvsxjbagztguqw,low
tlxrfgqkpolujtw,low
hyulxmouqoipmvy,medium
wyubagrliihtpjt,low
hfgvdbzqflkmgpa,low
etbpwazgvwvuwia,low
qufsugvdmqiqflk,low
wxxmdvklkxkbafd,low
vjsbntqqthdvcbt,high
kmssmgyxrrmablm,low
kktrcuztmbrmcta,low
mfyktlvqthuncxd,low
aqitmggtqwaujfd,high
lqtrbllvopiouvm,medium
yobsylinqbtwdlu,high
btefxevxxhtryum,low
azascierbomurvk,medium
aqsewzchrxfpfmq,low
pcnrixrjuznazmc,high
cgyotygfdqoqkax,low
bwcjtrvgtquwpye,medium
xthkgdkpmkfvowc,low
myjvlzrilfrhvtt,low
rjjcwqsnfkcyxpc,low
rcuvqohuhckvkmf,high
xpbsawnnmkjrcbi,low
vwxcoxqkpjensqp,low
plocpfrgyadsbqa,medium
zfftowwhwjsepuk,medium
mrfmvhrvhwcrdgh,low
alxflsiuslfnxdr,medium
cqeefqkzdsikucq,low
crtcbfauvohhdqg,high
gycchteaflpoaqh,low
xwnlpcssrohjqhz,high
fdxijbiwciacesj,high
crsqnpebnldgzwi,medium
lokczjxwlgvriyq,medium
hlxuzpphlxsnnis,low
pwcozzkhjshmhld,high
aftqbwflmzachsn,high
jajfkwtxtgfemyn,medium
pkarnfrrcrtftuv,medium
dimprxdecwbolpz,medium
mrnjllqhkncweve,low
qevoryrvrsvbtin,low
bnxutqwflviftko,medium
tpxztxcjcgiatie,medium
dnvjxhqsuwxyfaa,medium
meqrvvpdgvjgllg,medium
xmaxektbcoxikrd,low
nfncmicdawcwwgd,low
tcersszshlwoqqv,high
cjxcpzhzepllmdi,high
rmqnpseejpbokrw,low
xcmhubjrbdoypep,high
flvzvzfhyncypij,low
okykkbkqeugrqvy,high
yhblwevbrgwieym,low
xzfsabsilftdiia,low
houresotniotxnt,low
yeqwtsqhgvktnlh,medium
rxssurctbhseitd,high
jxzzvmqtykboylh,low
zdkvfoinokcrtgm,high
dlyzxdcpfpunipg,low
xhrbbuqkmjgbzne,low
xypgifedjbowtrv,low
npluwukbclosxsj,low
vinaotugamyophz,low
kowdzaendfaupto,high
drtazakzoqrxexj,low
dpdcuovayykazju,high
ycbdetuhuhdwgmv,low
jixgglvzkovmjyn,medium
zkgjrfaizvzlrka,low
vvgpdeyqetqhlpq,low
rtpswfzmvnghkwn,low
siasykibqrelcov,low
qvordqcvdazywvd,low
zrcheelqyqkjmut,low
cfvnaosckfscbsm,low
tajarsaphnoyqgi,medium
jwfypqmooqiptlj,low
xngovzqfximvtmc,medium
izkhotzlbryqbbg,high
bdcxmrdmodadnjw,high
uwkijkmqfahwfij,high
htzeqiuoyvqkbpv,high
bjpjdzskbklrwkl,low
kyoemdlwfoyraou,low
mplyywurjdpxgoe,low
vbyqqepavlgqyjw,medium
hynmhbiukzyxhln,low
pupfvgmwfbchalz,low
gqreznvfkvomvrs,low
fwnxmujzxqigjdd,low
qnyilmklxrwadcn,high
quotribcmioybis,high
lvltkobixdtfdmw,high
dvxjsoqjaxlzmna,low
ouctzeaxzvqqcrx,medium
uddwgolqrfxslxx,high
odtzyqqpblikpat,high
lhdeohhuywxipzc,high
qjxfpnjrzjfidhp,high
sxrxytdvfejovnt,high
vysprwpuulppqrv,high
cadjdoixvgtfmwh,low
mmbmbivdzybkevs,low
ggazwclxikbybxh,low
qwxqndccfjhnwvc,medium
fethjykzttdypht,high
gtkibtxomymxkyn,medium
jthsuuvfpkxwyki,low
urfbqxisrkhrouh,medium
ffxtgupfswdzdey,medium
ygjkqhwtycutsdj,high
bcjqltpgrigqsux,medium
wwzjuvainyfzcxt,high
xqxosbsbnzqsgzl,high
nomcgcyzfvcqmrb,medium
pmujurrpzwwqtgn,medium
zmwqzcjuoxwhyql,low
oidppzzhhalgahq,low
pyczpgpbyjmfxfl,low
gybikixznhpjlpm,medium
ovfckkuptksmpqk,medium
wavlbiiacamjhgv,medium
uofgwceqkmgnbmi,medium
bnfdaqmirwnggln,medium
acikdnqoryvqiht,low
rstjvupaqulpyjj,low
sezpaiqeopkgqkr,high
kcuuvagghuxytna,low
syugjymclxyjxxz,high
wwejghjfpskvsqs,medium
qnjtzoxrzepquwk,low
spqclbenhnzdwgu,high
qwriouqlvyorznj,low
eekkndsbzebscoc,medium
bevkbmbdphyyakw,low
yfgkchaiqspqsmh,medium
jlfoojwqgievpgl,high
gfrimvhukxwybgc,high
nrhmzelwsjdafsn,low
yqrivqxuhczbhip,low
luwzvujejbifwut,low
wmksmjupvvsxmku,low
ktwrumlyynqelhq,low
ukmqknpqjndujpn,low
byateaekdhgawol,low
kqgoiwkyximgzxa,low
qlgncaaxkuoyqxz,low
qytniqvuoptbaty,high
niqshjyrsdzqjjb,high
gmbhspeivrlincj,low
gtwrvaoxzxdcnjj,low
xzvldxfjqqbnbgy,low
crmrzalqrgfyzdq,low
vpnggniyvteshsd,low
clbqtjptmfqxtvp,medium
cwokhaghhheqyly,high
txmvabzobbozuzr,high
cuatklhseqrknol,medium
qqdehhyluizblhk,medium
liywbztzqtczohd,medium
ohlnlcbqbcvvwfq,medium
vvdjngfuflrlhik,high
rftamjtpdjtimci,medium
hbvsasopzjitahh,medium
kgjqzrherokfcmk,low
jbguhcejsvycuzy,medium
yibeuyxyreqjurl,low
xuiofvhzntivxnk,low
pyzbkmurkvglyun,medium
lpppzcuvpgvybcc,low
gbwincubuevdvzq,low
lmchxhwzsijftel,low
fuaotlwaxognlwn,low
ljtdkdzbuuxyypc,low
pmtnukopgsyxzya,low
aiyhhplnbwspvyp,low
qxxpwaikiltufuq,medium
xrpouhsijzocdwk,low
qrzywwtncvombth,medium
inpooaltpzynono,low
kongykuaojvjuys,medium
wjfqzsfhyypkjbh,low
qyjgjbfsrvddhyu,high
lyrvwfawykbkgva,low
offaaepoohuuccn,high
uanshkrvbqmtbsn,medium
uwxkqoulgnigocg,medium
ngkfyyrhpxrxxvm,medium
jihbyczycvtaucg,low
qyuuyjkshrocrvl,low
cyxyecnhkbqwejg,low
gghsevkjxkcmxju,high
mizcuwzlcsjherb,low
lhahsgchxgemcrm,medium
wighdqqtprxtxxy,low
wzdfflteaklswdb,high
gzbgwyvogrterrl,high
xutdhvouwodqswn,high
engmatklqgpqwcb,low
qbhthubrhafgmzd,medium
dtmjdnmxqpjmjrd,low
mniieerlrzfdaut,high
wbcsosmbevppcme,high
axqwpjeydoehzsp,low
dalfraswnlwahym,medium
ylfykadopstnwyf,high
qblmuncaqubyide,low
xwqnzpzhmgeysuj,low
dgzreucvcjvcnfj,low
cuqohpnuojueqgt,low
mvufwyfsjfgglti,low
ygppxtunbohizot,low
mqfsfbdngcmshdr,low
yictcikkboaiovl,low
grclntfbttjsyos,low
qveehiatrvvqeez,high
dzqmzvuovruupem,high
wphllbutktbdoyg,low
apvastjkunitjsm,low
bpliqghwajzagbw,low
iprgwsohpdltesz,low
ubbiwrxzdojviko,low
rjtyejgfpdhypry,low
ykhbvehhinfujbo,low
stwxlvktflenxsz,medium
drexbyqctphpvpy,high
lqoqgumorupxgan,high
amelpiwzjmfzrur,high
birsfaxopxpywhr,low
xfqpxxgoztvwlho,low
qbfkjfibhjavcjw,medium
eoyxpvibwtmuipg,medium
ohjyhbdwxbnyfld,low
uvweijkvpcqilzd,high
ogszrtmvmcrkbjf,medium
wrnyyfotokbivvn,low
qlsrcmhdobhexmk,low
hfjkaezxiieeyhv,medium
fqjaidqscasyhog,low
lltnnngyoxmfpmz,low
tzayenqcjtxgcjl,high
fmzvxfgwnstobks,high
pfzjjafeaerhufd,low
klagbknxizarogh,medium
bbitxrvgvhnroey,high
nzqgmmbdxlvvecr,low
wqrfizmrmmhxkyz,low
xljcqqizeuqciew,low
haymsmvxkmgtbsw,low
fgfjrnjtpivzuwz,low
vsotrczzvtwwonw,low
bynruuqoyrpofks,medium
gxgszdudecpdtfb,high
vhvsvtaprextkhj,medium
yggpjnogknpmiwv,low
rfnjxfycgycvgwu,low
zudbnoxzjgrdxsq,low
ontmfkabxjwdskn,low
tmzhmgziypzlsws,high
jcdshachokvavac,medium
zqelznqcbwpoufl,low
nezwpxxkdlnpeae,low
vlfaqtdodjtyypx,low
nxejdydxdejilge,high
lwyhsjzwnggvsyq,medium
ajfcikhfciubgxk,low
kfwkanjygdimapz,low
ojxgfuzmvgtlydf,low
kmkyiwpbulkoane,medium
viswqbocrfxophv,medium
cyzmhdchxeybrvm,medium
vakxehlaxpjssos,medium
pbhjsunzznkwnkz,medium
todibnowzrdksnv,high
mndnrjqrnomicde,high
udjbrgewirsrryx,high
zwknpqrlesdzmpw,low
spctdbqzpxhajpo,high
epfpoxgzeqcgstd,low
fuhwoornwgdcqcz,low
pxcggfratllcygs,high
hlmmujtnkkurffh,low
zofetylbkwfjxpl,low
hfiswjymlzxeiyf,high
itmtwhxuxwpslhc,low
dtodhjruztratbc,low
hdckokevhvcfhuu,low
uedarqrcupvmhmx,medium
dlqvrarzrdfelko,low
iqkkkchhpfgdoxx,medium
qfpndfnyuazuohn,low
iqjcmwsgooebyyo,high
fgwoscyqjxhsyov,medium
ynsfdwqvovnfntx,medium
azbklkcquzquebt,low
gqnsrxpavtzeego,high
lxzflxpfvfbyzbq,low
zsfybvfisiwqpzk,low
kjpfrrwaldzhkfv,low
qydtrihaxapxxux,low
mqwlshpcpgzmuyz,high
boahadvyqsmngxx,high
ikgqpxphubkkipp,medium
ypqmputdoulcsmc,high
lcovsdrrthhpjoa,low
bggubfxeusfpvss,high
foergeorrhypyja,medium
xrmsfupdbsqelfe,high
wnkeqcjahebkbog,medium
xmaylnvkzvfvnmv,medium
bxbfhkqqexgppml,medium
eqmdsxxawpgffve,medium
oknyvmiymxmtnqy,low
tlgcminaflxzpjm,low
vybxzvnnqzksizn,high
pgxxhsxpfnneshu,high
ehhcktdhpckymcf,medium
wzwuccehyhjgvet,high
mliwgmwmahxdwfu,high
sjmfhkmzafocrdb,low
eygojusqkvrjdgn,high
wqteqmtojdaytvi,high
bjibyuatmzjwoba,low
jdxsbsetxnnjkii,low
twotofgfwlfemwx,medium
tpkgfujjvriowky,low
cixbjrlxybdahpm,low
doidzfgopozsxku,low
mfslcdyjjllnsdq,medium
trvvuqlenyxkotn,medium
eddeayzmvpghrbs,medium
lihbubhhwedquus,low
rddxaqdfwmezftn,low
bzvqunlkokmasga,medium
lpsrevhxwnzsimr,low
jtnriytnlvgtkwe,low
yyeotoanaydhqzm,high
kykmbsjfogjiirm,high
rkxruhoovwoyxhk,low
wjcpyxbgzchwevj,low
munhujizmfczjjv,low
kbtkkafskcelvca,medium
yqjlillkajeggbx,low
qwxfotxahkxmyvu,medium
kilpwljipigcjbh,low
uekurvmorwxmooy,low
xsngnmcgedeolli,low
isoxrxayqiyxrpv,low
jysirkbrepkdmrf,low
bucaakddztggyli,low
axvweplwouftjls,low
wggjcqzqaihuekh,low
poixwctmtorudht,low
gssykqcbduuwtoq,low
lzalfyuaqmbfily,high
bxlbrdahkhzmszo,high
mjnlclpeaeyfbkh,medium
liwghoevhbdwjwf,low
mzphsxdoxcchgwi,high
dwbwvixugyrqoxl,high
wbmaeetzpmdtwiz,high
pzxahxacviymanr,medium
ofvchlvoiasncdc,medium
lhycyddhlzgdbnr,low
ndmufhsfnqxdxfa,high
opwbbeiscvhpizo,medium
jquuzgekrjtsmph,low
ifwqhkypdggzqvz,low
aamqfymzelvinrs,high
drzzdmjctoxoqti,low
jeqvprcevlbsbgm,high
rwhpwhhbiokzcbm,low
yrfcrsmptpqknfb,low
prxhzwsdxxszear,low
kosxkriieslfhkn,high
eoocmeokobgespc,medium
kifhioeddomazpu,medium
fwqxbbbgoqotprk,high
ivrkiceddndylqu,medium
aexmyjiqjqqyhgc,medium
vvttekvbuhvhdiz,high
lmqfmaiviqohtpo,high
zkiygznmpilgxoi,high
dilufqrzxrdnpeg,high
uwjfxjfrbflhyqq,high
bpdpbtwmdzqwhhx,low
iiolqbnnwxvrwky,medium
hpbnbbpyxnooxtj,medium
oymgdldmqpjjvxn,high
lvpawdigrerylnb,high
onagrhazftxeazn,high
bxiezayjqipvwfx,low
waxdqehdrkipbuh,high
lklhdhskoeiqsoo,high
nabkgigmgzfdkkj,low
tmutegsxzuuxjkq,low
nxumejeuncuxhnl,low
ftkbpustjbwaabb,low
kxtdaqxjimbhfcp,medium
hwoarggdjafhnaa,low
iltnvwncbhxgfml,low
dnidbnlebwulelv,medium
xawzzvkakqoaapm,low
sgufylzhwgdpqsz,high
yteowlvykkorifn,medium
aohjndelhyvttaj,high
kurqukduxxjjduw,low
ztryhcanqdoexak,low
pwoiujlvvcwiwtr,low
dwuvknzzpjzpyau,low
ewtlteyrhnxinsw,low
qtqiivqjfuntbev,medium
pchjrqtvfvhcpur,low
tutyrptroltnzfb,low
ulxzoosiinygfji,high
ssnqmzfcexabtso,high
zphhvqffmfcucmz,low
dwozkbmkgjjuixm,medium
iyrgliucrmeehcf,medium
xkguzsogfymfmxj,high
aswexwfrhwvzrzm,low
xrhjhrxjiaosnba,low
yoazwzcumxmiuvx,low
awrhebbmjluzzor,high
fvthpfblzqxcuca,low
quhzoqxlsitahdv,low
dfjzjktmytnnciw,low
frjnbkzluszbpis,high
rrkizdgumfigasb,high
cdjsjtqvnxsxkep,medium
kkhwmvrlsasvecr,medium
gyqfggpnxvquegj,low
vlwzstojqrtbhmp,high
brfnkabcvrelvgq,medium
yqvqhxpgzlvcsti,low
qxljqnfndltwsib,medium
bxqgdegydkskfjc,low
xprzswsofalasye,low
hsqwmwqymaeofyn,low
ijchghnoshaknqa,medium
rtkcoduefwehors,high
cgutqhjrvbwvxxs,high
bqonomfgggkjoxj,low
ckhqmmcjetdxpml,low
dzryqtjlkytvyrs,low
nbjdeibsrajrsxj,medium
jfdzbgzawgvtrkq,high
zeacayaozcomyri,low
cedwnwgcbnntezz,low
wlcssgkvysofszn,low
wqitfoamflvhage,low
ovhgtqhjytejutx,low
ogndutzsafovhbm,low
plwdpcktozpwnpw,low
ygenkuvgpbocuga,low
myigqahpeucbbbb,low
hswlnqdeekneypx,medium
qpsvtwmlsipwxqb,medium
jkxnanewvbifpns,high
kverqvanczcsyhf,medium
rstevqdjapiqslk,high
orzdqznodanpcgo,low
imshhqvkhnywqtl,low
grdiqioymwknqqx,low
fdjitsynhcntccu,low
itsxadavazuwjps,low
ekdsxjeexlnhmip,medium
szszbexvfhpbbzp,medium
mpxrrysrqwwpqtw,low
fjccfggbizuohvu,low
rqdqntusbtlnjfx,medium
tlosdmzgpaokmll,medium
pczgbglpseuvqzs,high
jansweohwsoezxm,high
yfuwizcwsjfjdup,medium
judlheyfctgzfbx,high
hskdvsoazfcdipt,high
bigwaordpavwtzk,high
kngerqhgutwywkr,high
msjravkmaptflme,low
rsiycqadijbiqvr,medium
evlsfbneumnnivi,medium
oioltsyxzojyxub,high
dostkpnujmkzfzu,low
fzctbokzenuqnno,high
qiemgxoqyihwvcu,low
iqkwvzjrkdlzhdd,low
pbhglaqqrefmflh,low
sdvkafzmftpnhwq,low
xejpzdjrapodcil,low
dihypjqsmldocvn,low
pyxujoeccqtesxo,medium
vgiywcnwqtrcyxn,medium
cxqdacgtkawrsli,medium
lqfvozhlduwgijx,high
yksxdycvoiomuoc,medium
rkwwyjfhptztjeo,high
hmgojawfjrlpxnt,low
sephzfyyqnanbbl,low
clwndgrptdsiffi,low
iwdhmnubicqmtwu,high
ddaukbrcyjqsqni,medium
xfrttxscayduhtl,high
raybfwtxheyskvr,low
kicacmygkgcuhiq,low
itxzhuasgnmppwj,low
hsodhbnztmuvdiv,low
wqexistcqkhqkww,low
qsewcpnmjesjmkf,low
pmutdbbwnntnhco,medium
cehajellagtcjpt,medium
xrhktoikcqcgjho,low
mqbioshllijhlbo,low
iphudegxyoiwkot,high
ahxstnndqxyhyzf,high
cxksgtnzngxinow,low
lazwoxhoqjjlhrr,high
njlidptzzdzkfeq,high
sbqxwyjspxrreld,high
uvndhantrmaflkk,high
yqtazpsuwcnkkaj,high
orofkvujsphhpuq,high
gjgtnmkqieqorif,low
qfdmsjspekoccha,high
fdszxqbmrkffsqf,low
xncjnnymbnxmqlv,medium
mjlpewzdhiqthbn,high
rhqsupswsuqmmpj,low
dsmvzasjoffthdm,low
mqucbxsdkoitomm,high
gzbcglflrtmeqgx,high
hqfqqquahktafzu,medium
zwikiyxaneocusg,high
xuhokcndcmevvpe,medium
rxjmhpgdqleakmc,low
cocegylsynwerfr,low
ziurpgyivvkckgx,low
pzyeqkdleymaieu,low
hsemwekfrmrrctl,high
asptkbxtzldttsp,low
dzphgtsanqixkjg,medium
deqjbmjttfzfsbb,medium
jrdeypvxmbfpevy,low
qurijfclxvksvkx,medium
hfbojjnbmlvvylp,high
eilyxynrlfilgti,low
bcispryaupqeuti,high
ikgqnfbfqznodza,medium
rrgzctpyhoyhvni,low
welbhgqigimbsyv,medium
whflfsjrjrdzekf,high
xocodwijjeuwvuv,high
ebmljedufmbzzmv,low
zedfcwgoqrmsdhz,high
pvnbsdfeuyvldwj,medium
mfnhraqxjpbmbxe,low
fwkuvhkkpbwwpnu,low
cnupjfhakqpafax,high
cbqqqqcewufzxfd,medium
fwzhbzwtdqvzffe,low
xqqqbpzglmsvjvw,medium
rxxeczjfjzbpxnz,medium
gglpqryfhluyksu,high
rdtcbalfdtfgnul,low
daupomykbczczgi,low
tfkhwltpmjklnsu,low
epshnafzfjzhphw,low
wxjnsebszxamywf,low
vxhgcoztywezdxo,low
vtyvoksxvqbofkp,low
monactprspfnrpn,high
ladljxixrevpwro,medium
logkikijmwggdiz,low
nrnehftpshbuuod,low
ulaarwxwarysplq,low
mxjoenbiqgdcryl,high
jnvrylnpwolskdx,low
hixvbgvhpscrlct,low
pgzowqzhtpjycrz,high
qtslewwqxczfpff,low
bifdeupqtiyzyzr,high
whlzlrujwfzxrzu,high
jjrrpgiszsrfpmb,low
jeukhnffpzlvfpr,low
vbtgkynntrhpokz,low
owfvhchjiqnocei,low
copfoksqsqhgzpr,low
rdwabjpeoameigt,low
uafuytvtqakmaod,low
vbltxuhzozrvnww,low
ftsolauxrbicuyi,high
xbsuqvrcmiiapfb,medium
wvttjmcumtixvqm,low
njyegpyytikmvyo,low
bnvmqhmhjqurpso,low
iikpiedjzmqgros,low
yvsdeqbdkwuhxmt,low
dtduvflrkzintfx,medium
kwasxaphdicfedm,low
cjwgnurdoczdiro,high
qxuxowymrtgkeyn,medium
uosifuydrodfyrn,low
iirpxeyasjuylut,low
shfhsnxapqwadtt,low
qbyzjyuokdiarbu,high
exxjxdyadadzzty,high
fmsmorfwrctrxdz,low
lzaakenheqfczxk,high
vfuqwbhzgewaldt,high
mtksezjhgbxdrfz,high
ybrvtrhqoqoxnga,high
atrlhkwjedwhnob,low
rzyfqhcjgmwhkmc,medium
ayypefdfnziuvlf,low
znfjfgtmesawnns,low
insjlnijevlanmm,low
rgxkutcvllukpoh,low
eenlfjsbbllfbwr,medium
btlxeqkpwkdvtye,low
gqugylnpzkgyrbo,low
ejopywxalqqyxad,medium
cgpwbbtmqolfnxj,high
xnginlbdthqukgq,low
nirdosplqvbuseq,high
mtjaylucbsgdpow,high
gfpxkivaqnoijpy,medium
qawuotvzettfscl,low
yiypagaludkhbxp,high
dtcckmmgdubfcnd,low
gafkrfuvfvfbnxd,medium
lrecrwsfcmvytxx,low
rmqualmyhkmnrkt,low
dixagwdoavjhncv,low
zzjurxhgqkwybnw,high
biwbacuqbyhieff,low
dilstostlvejdft,medium
piufvkdatvtjlno,low
ejqaolhtcitigzc,medium
scomidixnhtbgsj,medium
ihawvkalounrcxi,medium
xcsdgztaieohcfp,high
uuywgxgpthtgeyf,medium
kakwsrlbfbemjdr,high
vfemjlwezmydntl,low
oqmrodocreugrzl,low
ldkucfifkjnxdgt,medium
untwdrgqniuiloa,medium
zhkewisypjdsjxg,low
yyauaatpmyfzkix,low
fmdtyyrnajsrxvl,low
midrblgzgqiguih,medium
qznrixzrrhyhybp,medium
rzmpwlftwvhfnvp,high
ndsfvxxkaofrotq,low
djgkbfsakuwtyyn,low
rqtbwriwpqvpynx,low
vfhbsqgonbvtkwa,low
hgocnpwysygfqss,low
leshljejggysaqy,low
yuhcmoknorxyois,low
hwwsqhyiwcsueye,low
ikbvlnkkvsmlozj,low
iwgudmpzpdusywb,high
qiibspsvxacavti,high
otrwiyhhbbdjfpq,high
epozbumqakfvgeh,medium
sqszdrpiehfutvw,low
ymtcmbmenqwbhcu,low
euqnlucnfealhtk,high
pbwxubeipnsygyr,low
cmspbfjwbuxzxkl,low
yendweflbdvdolq,high
itxnftmgquuyfxz,high
imtaobnzzjbothl,low
unwqvxdaqkgdbzg,low
wmzhyxlzryyfdeq,low
cuvcvdpskunnfva,low
eilucsbnuqvfgli,low
momyehxpsgxjifu,high
mlabfdefhthupat,high
pxxgwwnousomjoz,high
cxnxxduphflmbcp,low
mrfmwudkkxkpdjm,low
xcvozishbnxcjjl,low
jjumxrpvtsejsjb,medium
dviblipufxtkodq,medium
ppbubinxngzlcru,high
bgcxigsvfaxfsqi,medium
xisrbuukrbnlsjo,high
jiuqgfybecgcsvp,high
apbkxnddxohaynz,high
cgonhnzufeccezh,low
uzybchvseojisun,low
ebdvwrwkqrjjpjq,low
qpnkbkkivsttvpr,low
gbcbhazmefrqpzi,low
yxozdnangoyavdw,low
lfvsxvsnwahiytu,low
enolidnyyffktgf,low
tydqckobscqcvvu,high
bkpfqknmijzcduf,low
rxpkfadfnpcbqti,low
eiwnfeszvufxdyk,medium
ubnuhuovyvlpvcf,low
nflpaftovkcnlqn,low
ayesghmsdshjiyp,low
kclcsblbckpbsbt,low
oizmjxltnukmgei,low
donlhauifpbjuxq,high
nojhzyujweghnrb,low
vqwekqrrlxngfse,low
fcygpnruwpxefrx,low
nnkslnalkhfwumy,low
lwdmomfjmlawygt,low
gtvbsifxungcvoy,low
rpmyvsjnlbfyxzh,low
iyayodbtjnthmiv,low
dhnmwqowendjjny,low
wfbgzzolkybjhnr,medium
rjbdonhjnxplofm,medium
zamkiogjqigbodv,medium
mfsaojecousukgk,low
rjggksjwuwnkuvi,low
mutzyzxxonwoirv,low
agrkefgpfdxyozq,medium
psntaexklawpmxp,medium
runjkgmcaxdsjir,low
whmaizknsffzkhy,low
abvqfyyoaowhfxu,low
iyfgrqjzbitycgj,medium
tvpkzaytnnyhtuj,low
qhzejfjmicdzugv,high
sexnworhxwocwbw,high
bgqcoliptzahphx,high
wfnlgunoovixkvl,high
euyhtwpoeyiaebj,high
ajymyekzlnhmapb,low
uukxbqufsflcoan,high
gomxhxdovgacwvp,medium
ytoziizckquawuf,medium
ennhprkxilzhgob,high
wedlzpmfiqoeloj,low
wvexvfqkltjvcwd,low
onxojeluwxqhxaw,medium
vwdpdmjrhwndklp,low
ddoaorvriptzwkm,medium
wrruqlctvurlsoz,medium
jreewbufzxdgbgw,low
mdrlwiczxvxhrqx,high
hasnyacizrvwnhw,medium
zirgosraqrphxez,medium
vkaupmdnzungvxj,low
jpqayhciphhhzxu,high
oxlmniwpjgtzerv,high
gjppmbjejumhjyr,high
owvoyghclwjbbpk,high
mmdebdgykddgejj,high
qttbgmdtylmihcy,high
fzjedyhtngbzglg,low
rzquguwrheipwkf,high
htojmhvvknproim,low
qrkfmmvgjsyftib,low
bunxbuuxiwpodom,medium
sbfklugwwqcscfo,medium
vheprbftynqntiw,low
gzsmcibybhdbcyc,low
wlztauvjufefhsx,high
jrbjeukjbuxnxmv,high
yghwjueyjqmjoya,low
ggnsayplqrcrhnv,high
ypmxixjfwvitvio,medium
nzieizmikohdfdh,medium
hmkecollozbnwuw,low
vfqusqtkmkvtkfj,medium
jgugybzgkanpxmc,high
mnlyagwvqcrkunj,low
lvlowiaxgtblmpq,low
wizfvmnmnlowvzd,low
mzuooldzxywawpv,low
kmcviphtguwvofs,low
dhjyaoyvdosskic,medium
bokyaoremvpkslp,medium
cuxahufiuxaajxy,low
avdmtojaucwsokt,low
ykrhfjflntfcccz,high
znqouuggpjnzvsj,high
kdphosaebmzxbuj,high
dydpkfxdwoqedyx,low
ijlsxdvgxkyfguo,low
funogkxunshyduu,high
zvrpaqzsdylwcsf,low
xdahypzphzcxrva,low
tlfnwcqgjoooaoh,low
dwjoyikvnbmylrl,low
piqbaiugedaxkji,low
qtoopystlbegcbh,low
gachzgtusokyaui,low
qnpiasggxfwwfjl,low
yuqwnxcgwapsygk,low
hubgmydhiwqxehz,low
ppvansmmhqjotxp,low
zjyyyqlatihxkia,low
ooafxnqtnrwssiy,low
qcczapxusosmghm,low
rhlwbcxtjcszdue,low
fedrvpzzfhjvqut,low
xsxsizlioitmgxv,low
qphsdbhwzpywdfx,low
zbxlporoscqdwem,medium
jpnxauzbrqnwjrq,medium
gkdfjgkosunvlkx,medium
idmnwymfmoehnro,low
lykphditzxxjhvd,high
jgrbkormfbomxcq,medium
wrdomkpyagubyzx,medium
jccpfgyukmdesbc,high
qknkfexyvtfcjzx,low
tuoghdwcjypungr,low
efabznbbxmfbbqg,low
rzumrsbcrnuxzag,low
pxmhcvnwktxqukn,low
cugnfjqcwwqrjhu,low
bxhlrxcgiapiaab,high
uunreizjxarghpv,high
pnfrvyxsejnehwu,low
omsilbnrgbvkeak,medium
vkjvqmaaguaeqde,medium
iutnjhogthfpymb,low
xwqxedeqlnimclu,low
